{
  "__type__": "cc.SpriteFrame",
  "content": {
    "name": "adventurer-run-00",
    "atlas": "",
    "rect": {
      "x": 17,
      "y": 8,
      "width": 20,
      "height": 28
    },
    "offset": {
      "x": 2,
      "y": -3.5
    },
    "originalSize": {
      "width": 50,
      "height": 37
    },
    "rotated": false,
    "capInsets": [
      0,
      0,
      0,
      0
    ],
    "vertices": {
      "rawPosition": [
        -10,
        -14,
        0,
        10,
        -14,
        0,
        -10,
        14,
        0,
        10,
        14,
        0
      ],
      "indexes": [
        0,
        1,
        2,
        2,
        1,
        3
      ],
      "uv": [
        17,
        29,
        37,
        29,
        17,
        1,
        37,
        1
      ],
      "nuv": [
        0.34,
        0.02702702702702703,
        0.74,
        0.02702702702702703,
        0.34,
        0.7837837837837838,
        0.74,
        0.7837837837837838
      ],
      "minPos": {
        "x": -10,
        "y": -14,
        "z": 0
      },
      "maxPos": {
        "x": 10,
        "y": 14,
        "z": 0
      }
    },
    "texture": "b8e9fffc-f664-4fc6-8075-ddfc8ac494f9@6c48a",
    "packable": true,
    "pixelsToUnit": 100,
    "pivot": {
      "x": 0.5,
      "y": 0.5
    },
    "meshType": 0
  }
}