{
  "__type__": "cc.SpriteFrame",
  "content": {
    "name": "adventurer-idle-2-02",
    "atlas": "",
    "rect": {
      "x": 9,
      "y": 8,
      "width": 25,
      "height": 28
    },
    "offset": {
      "x": -3.5,
      "y": -3.5
    },
    "originalSize": {
      "width": 50,
      "height": 37
    },
    "rotated": false,
    "capInsets": [
      0,
      0,
      0,
      0
    ],
    "vertices": {
      "rawPosition": [
        -12.5,
        -14,
        0,
        12.5,
        -14,
        0,
        -12.5,
        14,
        0,
        12.5,
        14,
        0
      ],
      "indexes": [
        0,
        1,
        2,
        2,
        1,
        3
      ],
      "uv": [
        9,
        29,
        34,
        29,
        9,
        1,
        34,
        1
      ],
      "nuv": [
        0.18,
        0.02702702702702703,
        0.68,
        0.02702702702702703,
        0.18,
        0.7837837837837838,
        0.68,
        0.7837837837837838
      ],
      "minPos": {
        "x": -12.5,
        "y": -14,
        "z": 0
      },
      "maxPos": {
        "x": 12.5,
        "y": 14,
        "z": 0
      }
    },
    "texture": "27919899-b06e-4fa4-a3f9-2fc00387c482@6c48a",
    "packable": true,
    "pixelsToUnit": 100,
    "pivot": {
      "x": 0.5,
      "y": 0.5
    },
    "meshType": 0
  }
}