{
  "__type__": "cc.SpriteFrame",
  "content": {
    "name": "adventurer-attack2-02",
    "atlas": "",
    "rect": {
      "x": 13,
      "y": 9,
      "width": 20,
      "height": 27
    },
    "offset": {
      "x": -2,
      "y": -4
    },
    "originalSize": {
      "width": 50,
      "height": 37
    },
    "rotated": false,
    "capInsets": [
      0,
      0,
      0,
      0
    ],
    "vertices": {
      "rawPosition": [
        -10,
        -13.5,
        0,
        10,
        -13.5,
        0,
        -10,
        13.5,
        0,
        10,
        13.5,
        0
      ],
      "indexes": [
        0,
        1,
        2,
        2,
        1,
        3
      ],
      "uv": [
        13,
        28,
        33,
        28,
        13,
        1,
        33,
        1
      ],
      "nuv": [
        0.26,
        0.02702702702702703,
        0.66,
        0.02702702702702703,
        0.26,
        0.7567567567567568,
        0.66,
        0.7567567567567568
      ],
      "minPos": {
        "x": -10,
        "y": -13.5,
        "z": 0
      },
      "maxPos": {
        "x": 10,
        "y": 13.5,
        "z": 0
      }
    },
    "texture": "d219e842-acf5-425a-a1a5-40c83df5d087@6c48a",
    "packable": true,
    "pixelsToUnit": 100,
    "pivot": {
      "x": 0.5,
      "y": 0.5
    },
    "meshType": 0
  }
}