{
  "__type__": "cc.SpriteFrame",
  "content": {
    "name": "adventurer-attack2-01",
    "atlas": "",
    "rect": {
      "x": 15,
      "y": 9,
      "width": 18,
      "height": 27
    },
    "offset": {
      "x": -1,
      "y": -4
    },
    "originalSize": {
      "width": 50,
      "height": 37
    },
    "rotated": false,
    "capInsets": [
      0,
      0,
      0,
      0
    ],
    "vertices": {
      "rawPosition": [
        -9,
        -13.5,
        0,
        9,
        -13.5,
        0,
        -9,
        13.5,
        0,
        9,
        13.5,
        0
      ],
      "indexes": [
        0,
        1,
        2,
        2,
        1,
        3
      ],
      "uv": [
        15,
        28,
        33,
        28,
        15,
        1,
        33,
        1
      ],
      "nuv": [
        0.3,
        0.02702702702702703,
        0.66,
        0.02702702702702703,
        0.3,
        0.7567567567567568,
        0.66,
        0.7567567567567568
      ],
      "minPos": {
        "x": -9,
        "y": -13.5,
        "z": 0
      },
      "maxPos": {
        "x": 9,
        "y": 13.5,
        "z": 0
      }
    },
    "texture": "a8173d40-6f49-4459-8686-b59482f50d85@6c48a",
    "packable": true,
    "pixelsToUnit": 100,
    "pivot": {
      "x": 0.5,
      "y": 0.5
    },
    "meshType": 0
  }
}