{
  "__type__": "cc.SpriteFrame",
  "content": {
    "name": "adventurer-attack2-05",
    "atlas": "",
    "rect": {
      "x": 2,
      "y": 14,
      "width": 31,
      "height": 22
    },
    "offset": {
      "x": -7.5,
      "y": -6.5
    },
    "originalSize": {
      "width": 50,
      "height": 37
    },
    "rotated": false,
    "capInsets": [
      0,
      0,
      0,
      0
    ],
    "vertices": {
      "rawPosition": [
        -15.5,
        -11,
        0,
        15.5,
        -11,
        0,
        -15.5,
        11,
        0,
        15.5,
        11,
        0
      ],
      "indexes": [
        0,
        1,
        2,
        2,
        1,
        3
      ],
      "uv": [
        2,
        23,
        33,
        23,
        2,
        1,
        33,
        1
      ],
      "nuv": [
        0.04,
        0.02702702702702703,
        0.66,
        0.02702702702702703,
        0.04,
        0.6216216216216216,
        0.66,
        0.6216216216216216
      ],
      "minPos": {
        "x": -15.5,
        "y": -11,
        "z": 0
      },
      "maxPos": {
        "x": 15.5,
        "y": 11,
        "z": 0
      }
    },
    "texture": "5bb8edaa-2414-494d-9d8d-9678bac90d53@6c48a",
    "packable": true,
    "pixelsToUnit": 100,
    "pivot": {
      "x": 0.5,
      "y": 0.5
    },
    "meshType": 0
  }
}