{
  "__type__": "cc.SpriteFrame",
  "content": {
    "name": "adventurer-run-03",
    "atlas": "",
    "rect": {
      "x": 17,
      "y": 8,
      "width": 23,
      "height": 28
    },
    "offset": {
      "x": 3.5,
      "y": -3.5
    },
    "originalSize": {
      "width": 50,
      "height": 37
    },
    "rotated": false,
    "capInsets": [
      0,
      0,
      0,
      0
    ],
    "vertices": {
      "rawPosition": [
        -11.5,
        -14,
        0,
        11.5,
        -14,
        0,
        -11.5,
        14,
        0,
        11.5,
        14,
        0
      ],
      "indexes": [
        0,
        1,
        2,
        2,
        1,
        3
      ],
      "uv": [
        17,
        29,
        40,
        29,
        17,
        1,
        40,
        1
      ],
      "nuv": [
        0.34,
        0.02702702702702703,
        0.8,
        0.02702702702702703,
        0.34,
        0.7837837837837838,
        0.8,
        0.7837837837837838
      ],
      "minPos": {
        "x": -11.5,
        "y": -14,
        "z": 0
      },
      "maxPos": {
        "x": 11.5,
        "y": 14,
        "z": 0
      }
    },
    "texture": "f25983cc-ba91-4d79-8ef2-3f74d98c6466@6c48a",
    "packable": true,
    "pixelsToUnit": 100,
    "pivot": {
      "x": 0.5,
      "y": 0.5
    },
    "meshType": 0
  }
}