{
  "__type__": "cc.SpriteFrame",
  "content": {
    "name": "2_0",
    "atlas": "",
    "rect": {
      "x": 2,
      "y": 0,
      "width": 23,
      "height": 32
    },
    "offset": {
      "x": -1.5,
      "y": 0
    },
    "originalSize": {
      "width": 30,
      "height": 32
    },
    "rotated": false,
    "capInsets": [
      0,
      0,
      0,
      0
    ],
    "vertices": {
      "rawPosition": [
        -11.5,
        -16,
        0,
        11.5,
        -16,
        0,
        -11.5,
        16,
        0,
        11.5,
        16,
        0
      ],
      "indexes": [
        0,
        1,
        2,
        2,
        1,
        3
      ],
      "uv": [
        2,
        32,
        25,
        32,
        2,
        0,
        25,
        0
      ],
      "nuv": [
        0.06666666666666667,
        0,
        0.8333333333333334,
        0,
        0.06666666666666667,
        1,
        0.8333333333333334,
        1
      ],
      "minPos": {
        "x": -11.5,
        "y": -16,
        "z": 0
      },
      "maxPos": {
        "x": 11.5,
        "y": 16,
        "z": 0
      }
    },
    "texture": "fd4001da-04a8-4bab-a100-c83459fc0155@6c48a",
    "packable": true,
    "pixelsToUnit": 100,
    "pivot": {
      "x": 0.5,
      "y": 0.5
    },
    "meshType": 0
  }
}