{
  "__type__": "cc.SpriteFrame",
  "content": {
    "name": "adventurer-attack3-02",
    "atlas": "",
    "rect": {
      "x": 2,
      "y": 13,
      "width": 48,
      "height": 23
    },
    "offset": {
      "x": 1,
      "y": -6
    },
    "originalSize": {
      "width": 50,
      "height": 37
    },
    "rotated": false,
    "capInsets": [
      0,
      0,
      0,
      0
    ],
    "vertices": {
      "rawPosition": [
        -24,
        -11.5,
        0,
        24,
        -11.5,
        0,
        -24,
        11.5,
        0,
        24,
        11.5,
        0
      ],
      "indexes": [
        0,
        1,
        2,
        2,
        1,
        3
      ],
      "uv": [
        2,
        24,
        50,
        24,
        2,
        1,
        50,
        1
      ],
      "nuv": [
        0.04,
        0.02702702702702703,
        1,
        0.02702702702702703,
        0.04,
        0.6486486486486487,
        1,
        0.6486486486486487
      ],
      "minPos": {
        "x": -24,
        "y": -11.5,
        "z": 0
      },
      "maxPos": {
        "x": 24,
        "y": 11.5,
        "z": 0
      }
    },
    "texture": "5f03535a-f163-490a-987e-0c8924717cee@6c48a",
    "packable": true,
    "pixelsToUnit": 100,
    "pivot": {
      "x": 0.5,
      "y": 0.5
    },
    "meshType": 0
  }
}