{
  "__type__": "cc.SpriteFrame",
  "content": {
    "name": "adventurer-attack3-00",
    "atlas": "",
    "rect": {
      "x": 19,
      "y": 10,
      "width": 20,
      "height": 26
    },
    "offset": {
      "x": 4,
      "y": -4.5
    },
    "originalSize": {
      "width": 50,
      "height": 37
    },
    "rotated": false,
    "capInsets": [
      0,
      0,
      0,
      0
    ],
    "vertices": {
      "rawPosition": [
        -10,
        -13,
        0,
        10,
        -13,
        0,
        -10,
        13,
        0,
        10,
        13,
        0
      ],
      "indexes": [
        0,
        1,
        2,
        2,
        1,
        3
      ],
      "uv": [
        19,
        27,
        39,
        27,
        19,
        1,
        39,
        1
      ],
      "nuv": [
        0.38,
        0.02702702702702703,
        0.78,
        0.02702702702702703,
        0.38,
        0.7297297297297297,
        0.78,
        0.7297297297297297
      ],
      "minPos": {
        "x": -10,
        "y": -13,
        "z": 0
      },
      "maxPos": {
        "x": 10,
        "y": 13,
        "z": 0
      }
    },
    "texture": "183117bd-2dce-4f1b-9f1c-454a4518fc49@6c48a",
    "packable": true,
    "pixelsToUnit": 100,
    "pivot": {
      "x": 0.5,
      "y": 0.5
    },
    "meshType": 0
  }
}