{
  "__type__": "cc.SpriteFrame",
  "content": {
    "name": "adventurer-attack1-04",
    "atlas": "",
    "rect": {
      "x": 15,
      "y": 4,
      "width": 19,
      "height": 32
    },
    "offset": {
      "x": -0.5,
      "y": -1.5
    },
    "originalSize": {
      "width": 50,
      "height": 37
    },
    "rotated": false,
    "capInsets": [
      0,
      0,
      0,
      0
    ],
    "vertices": {
      "rawPosition": [
        -9.5,
        -16,
        0,
        9.5,
        -16,
        0,
        -9.5,
        16,
        0,
        9.5,
        16,
        0
      ],
      "indexes": [
        0,
        1,
        2,
        2,
        1,
        3
      ],
      "uv": [
        15,
        33,
        34,
        33,
        15,
        1,
        34,
        1
      ],
      "nuv": [
        0.3,
        0.02702702702702703,
        0.68,
        0.02702702702702703,
        0.3,
        0.8918918918918919,
        0.68,
        0.8918918918918919
      ],
      "minPos": {
        "x": -9.5,
        "y": -16,
        "z": 0
      },
      "maxPos": {
        "x": 9.5,
        "y": 16,
        "z": 0
      }
    },
    "texture": "185c23bb-9193-4e63-b2f8-352d458b8a15@6c48a",
    "packable": true,
    "pixelsToUnit": 100,
    "pivot": {
      "x": 0.5,
      "y": 0.5
    },
    "meshType": 0
  }
}