{
  "__type__": "cc.SpriteFrame",
  "content": {
    "name": "adventurer-attack2-04",
    "atlas": "",
    "rect": {
      "x": 2,
      "y": 15,
      "width": 32,
      "height": 21
    },
    "offset": {
      "x": -7,
      "y": -7
    },
    "originalSize": {
      "width": 50,
      "height": 37
    },
    "rotated": false,
    "capInsets": [
      0,
      0,
      0,
      0
    ],
    "vertices": {
      "rawPosition": [
        -16,
        -10.5,
        0,
        16,
        -10.5,
        0,
        -16,
        10.5,
        0,
        16,
        10.5,
        0
      ],
      "indexes": [
        0,
        1,
        2,
        2,
        1,
        3
      ],
      "uv": [
        2,
        22,
        34,
        22,
        2,
        1,
        34,
        1
      ],
      "nuv": [
        0.04,
        0.02702702702702703,
        0.68,
        0.02702702702702703,
        0.04,
        0.5945945945945946,
        0.68,
        0.5945945945945946
      ],
      "minPos": {
        "x": -16,
        "y": -10.5,
        "z": 0
      },
      "maxPos": {
        "x": 16,
        "y": 10.5,
        "z": 0
      }
    },
    "texture": "09ecb3a5-5bca-4fc7-affd-d9dd9f7358b8@6c48a",
    "packable": true,
    "pixelsToUnit": 100,
    "pivot": {
      "x": 0.5,
      "y": 0.5
    },
    "meshType": 0
  }
}