{
  "__type__": "cc.SpriteFrame",
  "content": {
    "name": "adventurer-attack2-00",
    "atlas": "",
    "rect": {
      "x": 15,
      "y": 10,
      "width": 18,
      "height": 26
    },
    "offset": {
      "x": -1,
      "y": -4.5
    },
    "originalSize": {
      "width": 50,
      "height": 37
    },
    "rotated": false,
    "capInsets": [
      0,
      0,
      0,
      0
    ],
    "vertices": {
      "rawPosition": [
        -9,
        -13,
        0,
        9,
        -13,
        0,
        -9,
        13,
        0,
        9,
        13,
        0
      ],
      "indexes": [
        0,
        1,
        2,
        2,
        1,
        3
      ],
      "uv": [
        15,
        27,
        33,
        27,
        15,
        1,
        33,
        1
      ],
      "nuv": [
        0.3,
        0.02702702702702703,
        0.66,
        0.02702702702702703,
        0.3,
        0.7297297297297297,
        0.66,
        0.7297297297297297
      ],
      "minPos": {
        "x": -9,
        "y": -13,
        "z": 0
      },
      "maxPos": {
        "x": 9,
        "y": 13,
        "z": 0
      }
    },
    "texture": "3e5a6218-f9f0-4159-83a3-8f460adf3964@6c48a",
    "packable": true,
    "pixelsToUnit": 100,
    "pivot": {
      "x": 0.5,
      "y": 0.5
    },
    "meshType": 0
  }
}