{
  "__type__": "cc.SpriteFrame",
  "content": {
    "name": "adventurer-run-04",
    "atlas": "",
    "rect": {
      "x": 16,
      "y": 9,
      "width": 20,
      "height": 27
    },
    "offset": {
      "x": 1,
      "y": -4
    },
    "originalSize": {
      "width": 50,
      "height": 37
    },
    "rotated": false,
    "capInsets": [
      0,
      0,
      0,
      0
    ],
    "vertices": {
      "rawPosition": [
        -10,
        -13.5,
        0,
        10,
        -13.5,
        0,
        -10,
        13.5,
        0,
        10,
        13.5,
        0
      ],
      "indexes": [
        0,
        1,
        2,
        2,
        1,
        3
      ],
      "uv": [
        16,
        28,
        36,
        28,
        16,
        1,
        36,
        1
      ],
      "nuv": [
        0.32,
        0.02702702702702703,
        0.72,
        0.02702702702702703,
        0.32,
        0.7567567567567568,
        0.72,
        0.7567567567567568
      ],
      "minPos": {
        "x": -10,
        "y": -13.5,
        "z": 0
      },
      "maxPos": {
        "x": 10,
        "y": 13.5,
        "z": 0
      }
    },
    "texture": "39146321-a83d-42b6-854a-e4c5726fa5bf@6c48a",
    "packable": true,
    "pixelsToUnit": 100,
    "pivot": {
      "x": 0.5,
      "y": 0.5
    },
    "meshType": 0
  }
}