{
  "__type__": "cc.SpriteFrame",
  "content": {
    "name": "adventurer-run-02",
    "atlas": "",
    "rect": {
      "x": 16,
      "y": 11,
      "width": 20,
      "height": 25
    },
    "offset": {
      "x": 1,
      "y": -5
    },
    "originalSize": {
      "width": 50,
      "height": 37
    },
    "rotated": false,
    "capInsets": [
      0,
      0,
      0,
      0
    ],
    "vertices": {
      "rawPosition": [
        -10,
        -12.5,
        0,
        10,
        -12.5,
        0,
        -10,
        12.5,
        0,
        10,
        12.5,
        0
      ],
      "indexes": [
        0,
        1,
        2,
        2,
        1,
        3
      ],
      "uv": [
        16,
        26,
        36,
        26,
        16,
        1,
        36,
        1
      ],
      "nuv": [
        0.32,
        0.02702702702702703,
        0.72,
        0.02702702702702703,
        0.32,
        0.7027027027027027,
        0.72,
        0.7027027027027027
      ],
      "minPos": {
        "x": -10,
        "y": -12.5,
        "z": 0
      },
      "maxPos": {
        "x": 10,
        "y": 12.5,
        "z": 0
      }
    },
    "texture": "ebd1319a-cbf9-45c2-b054-57cf8ff57565@6c48a",
    "packable": true,
    "pixelsToUnit": 100,
    "pivot": {
      "x": 0.5,
      "y": 0.5
    },
    "meshType": 0
  }
}