{
  "__type__": "cc.SpriteFrame",
  "content": {
    "name": "adventurer-attack1-00",
    "atlas": "",
    "rect": {
      "x": 7,
      "y": 14,
      "width": 27,
      "height": 22
    },
    "offset": {
      "x": -4.5,
      "y": -6.5
    },
    "originalSize": {
      "width": 50,
      "height": 37
    },
    "rotated": false,
    "capInsets": [
      0,
      0,
      0,
      0
    ],
    "vertices": {
      "rawPosition": [
        -13.5,
        -11,
        0,
        13.5,
        -11,
        0,
        -13.5,
        11,
        0,
        13.5,
        11,
        0
      ],
      "indexes": [
        0,
        1,
        2,
        2,
        1,
        3
      ],
      "uv": [
        7,
        23,
        34,
        23,
        7,
        1,
        34,
        1
      ],
      "nuv": [
        0.14,
        0.02702702702702703,
        0.68,
        0.02702702702702703,
        0.14,
        0.6216216216216216,
        0.68,
        0.6216216216216216
      ],
      "minPos": {
        "x": -13.5,
        "y": -11,
        "z": 0
      },
      "maxPos": {
        "x": 13.5,
        "y": 11,
        "z": 0
      }
    },
    "texture": "1694477b-c671-47a3-a386-377b1092e3a9@6c48a",
    "packable": true,
    "pixelsToUnit": 100,
    "pivot": {
      "x": 0.5,
      "y": 0.5
    },
    "meshType": 0
  }
}