{
  "__type__": "cc.SpriteFrame",
  "content": {
    "name": "adventurer-attack3-03",
    "atlas": "",
    "rect": {
      "x": 3,
      "y": 17,
      "width": 31,
      "height": 19
    },
    "offset": {
      "x": -6.5,
      "y": -8
    },
    "originalSize": {
      "width": 50,
      "height": 37
    },
    "rotated": false,
    "capInsets": [
      0,
      0,
      0,
      0
    ],
    "vertices": {
      "rawPosition": [
        -15.5,
        -9.5,
        0,
        15.5,
        -9.5,
        0,
        -15.5,
        9.5,
        0,
        15.5,
        9.5,
        0
      ],
      "indexes": [
        0,
        1,
        2,
        2,
        1,
        3
      ],
      "uv": [
        3,
        20,
        34,
        20,
        3,
        1,
        34,
        1
      ],
      "nuv": [
        0.06,
        0.02702702702702703,
        0.68,
        0.02702702702702703,
        0.06,
        0.5405405405405406,
        0.68,
        0.5405405405405406
      ],
      "minPos": {
        "x": -15.5,
        "y": -9.5,
        "z": 0
      },
      "maxPos": {
        "x": 15.5,
        "y": 9.5,
        "z": 0
      }
    },
    "texture": "6026c3de-c82f-44a2-98f2-fc9b4c16e10a@6c48a",
    "packable": true,
    "pixelsToUnit": 100,
    "pivot": {
      "x": 0.5,
      "y": 0.5
    },
    "meshType": 0
  }
}