{
  "__type__": "cc.SpriteFrame",
  "content": {
    "name": "adventurer-idle-2-01",
    "atlas": "",
    "rect": {
      "x": 10,
      "y": 9,
      "width": 23,
      "height": 27
    },
    "offset": {
      "x": -3.5,
      "y": -4
    },
    "originalSize": {
      "width": 50,
      "height": 37
    },
    "rotated": false,
    "capInsets": [
      0,
      0,
      0,
      0
    ],
    "vertices": {
      "rawPosition": [
        -11.5,
        -13.5,
        0,
        11.5,
        -13.5,
        0,
        -11.5,
        13.5,
        0,
        11.5,
        13.5,
        0
      ],
      "indexes": [
        0,
        1,
        2,
        2,
        1,
        3
      ],
      "uv": [
        10,
        28,
        33,
        28,
        10,
        1,
        33,
        1
      ],
      "nuv": [
        0.2,
        0.02702702702702703,
        0.66,
        0.02702702702702703,
        0.2,
        0.7567567567567568,
        0.66,
        0.7567567567567568
      ],
      "minPos": {
        "x": -11.5,
        "y": -13.5,
        "z": 0
      },
      "maxPos": {
        "x": 11.5,
        "y": 13.5,
        "z": 0
      }
    },
    "texture": "b79910e3-ba20-491b-929b-7de53dc5d80e@6c48a",
    "packable": true,
    "pixelsToUnit": 100,
    "pivot": {
      "x": 0.5,
      "y": 0.5
    },
    "meshType": 0
  }
}