{
  "__type__": "cc.SpriteFrame",
  "content": {
    "name": "adventurer-attack1-01",
    "atlas": "",
    "rect": {
      "x": 8,
      "y": 16,
      "width": 25,
      "height": 20
    },
    "offset": {
      "x": -4.5,
      "y": -7.5
    },
    "originalSize": {
      "width": 50,
      "height": 37
    },
    "rotated": false,
    "capInsets": [
      0,
      0,
      0,
      0
    ],
    "vertices": {
      "rawPosition": [
        -12.5,
        -10,
        0,
        12.5,
        -10,
        0,
        -12.5,
        10,
        0,
        12.5,
        10,
        0
      ],
      "indexes": [
        0,
        1,
        2,
        2,
        1,
        3
      ],
      "uv": [
        8,
        21,
        33,
        21,
        8,
        1,
        33,
        1
      ],
      "nuv": [
        0.16,
        0.02702702702702703,
        0.66,
        0.02702702702702703,
        0.16,
        0.5675675675675675,
        0.66,
        0.5675675675675675
      ],
      "minPos": {
        "x": -12.5,
        "y": -10,
        "z": 0
      },
      "maxPos": {
        "x": 12.5,
        "y": 10,
        "z": 0
      }
    },
    "texture": "7fca3724-4ac8-4873-97a8-98112c9b9dc0@6c48a",
    "packable": true,
    "pixelsToUnit": 100,
    "pivot": {
      "x": 0.5,
      "y": 0.5
    },
    "meshType": 0
  }
}