{
  "__type__": "cc.SpriteFrame",
  "content": {
    "name": "adventurer-attack3-01",
    "atlas": "",
    "rect": {
      "x": 20,
      "y": 10,
      "width": 20,
      "height": 26
    },
    "offset": {
      "x": 5,
      "y": -4.5
    },
    "originalSize": {
      "width": 50,
      "height": 37
    },
    "rotated": false,
    "capInsets": [
      0,
      0,
      0,
      0
    ],
    "vertices": {
      "rawPosition": [
        -10,
        -13,
        0,
        10,
        -13,
        0,
        -10,
        13,
        0,
        10,
        13,
        0
      ],
      "indexes": [
        0,
        1,
        2,
        2,
        1,
        3
      ],
      "uv": [
        20,
        27,
        40,
        27,
        20,
        1,
        40,
        1
      ],
      "nuv": [
        0.4,
        0.02702702702702703,
        0.8,
        0.02702702702702703,
        0.4,
        0.7297297297297297,
        0.8,
        0.7297297297297297
      ],
      "minPos": {
        "x": -10,
        "y": -13,
        "z": 0
      },
      "maxPos": {
        "x": 10,
        "y": 13,
        "z": 0
      }
    },
    "texture": "3ac3993f-cba7-4b5d-8150-2ef76602341d@6c48a",
    "packable": true,
    "pixelsToUnit": 100,
    "pivot": {
      "x": 0.5,
      "y": 0.5
    },
    "meshType": 0
  }
}