{
  "__type__": "cc.SpriteFrame",
  "content": {
    "name": "adventurer-attack2-03",
    "atlas": "",
    "rect": {
      "x": 10,
      "y": 7,
      "width": 38,
      "height": 29
    },
    "offset": {
      "x": 4,
      "y": -3
    },
    "originalSize": {
      "width": 50,
      "height": 37
    },
    "rotated": false,
    "capInsets": [
      0,
      0,
      0,
      0
    ],
    "vertices": {
      "rawPosition": [
        -19,
        -14.5,
        0,
        19,
        -14.5,
        0,
        -19,
        14.5,
        0,
        19,
        14.5,
        0
      ],
      "indexes": [
        0,
        1,
        2,
        2,
        1,
        3
      ],
      "uv": [
        10,
        30,
        48,
        30,
        10,
        1,
        48,
        1
      ],
      "nuv": [
        0.2,
        0.02702702702702703,
        0.96,
        0.02702702702702703,
        0.2,
        0.8108108108108109,
        0.96,
        0.8108108108108109
      ],
      "minPos": {
        "x": -19,
        "y": -14.5,
        "z": 0
      },
      "maxPos": {
        "x": 19,
        "y": 14.5,
        "z": 0
      }
    },
    "texture": "90d9120a-65b8-4709-a3c6-b8e0d9774ced@6c48a",
    "packable": true,
    "pixelsToUnit": 100,
    "pivot": {
      "x": 0.5,
      "y": 0.5
    },
    "meshType": 0
  }
}